{"payment_method_Electronic check": 0.11047150194644928, "number_of_dependents": 0.07765954732894897, "monthly_charges": 0.07482665032148361, "number_of_referrals": 0.07454568892717361, "payment_method_Bank transfer (automatic)": 0.07390273362398148, "age": 0.07214278727769852, "tenure": 0.0700666606426239, "internet_service_Fiber optic": 0.06799192726612091, "total_charges": 0.06780511885881424, "payment_method_Mailed check": 0.05842798575758934, "gender_Male": 0.05478888377547264, "contract_type_Month-to-month": 0.051885370165109634, "contract_type_One year": 0.05143227428197861, "gender_Female": 0.04882335290312767, "internet_service_DSL": 0.04522956162691116, "contract_type_Two year": 0.0, "payment_method_Credit card (automatic)": 0.0, "internet_service_No": 0.0}